featured_in,image_urls,images,name_image
Editorial,,,A woman in a blue and white leotard is spinning around
Editorial,,,a group of people standing on top of a hill next to the ocean
Editorial,,,a man sitting on a chair looking at his cell phone
Editorial,,,a table topped with glasses filled with drinks
Editorial,,,a couple of women sitting next to each other
Editorial,,,a woman wearing a virtual headset in a kitchen
Editorial,,,A person holding a cup of ice on a snowy road
Editorial,,,A living room with a white couch and a white chair
"Editorial,Animals,Nature",,,A group of flamingos standing next to each other
Editorial,,,A woman wearing a white hat and a green shirt
Editorial,,,A large group of people standing in front of a stage
Editorial,,,A bunch of red flowers that are in the grass
Editorial,,,A hand holding a bottle of soap with a palm tree in the background
Editorial,,,A woman in a white dress standing in a cave
Editorial,,,A chair with a magazine on top of it
featured_in,image_urls,images,name_image
Editorial,,,A woman in a blue and white leotard is spinning around
Editorial,,,a group of people standing on top of a hill next to the ocean
Editorial,,,a man sitting on a chair looking at his cell phone
Editorial,,,a table topped with glasses filled with drinks
Editorial,,,a couple of women sitting next to each other
featured_in,image_urls,images,name_image
Editorial,,,A woman in a blue and white leotard is spinning around
"Editorial,Animals,Nature",,,A group of flamingos standing next to each other
Editorial,,,A woman wearing a white hat and a green shirt
Editorial,,,a group of people standing on top of a hill next to the ocean
Editorial,,,a man sitting on a chair looking at his cell phone
Editorial,,,a couple of women sitting next to each other
Editorial,,,A large group of people standing in front of a stage
Editorial,,,A person holding a cup of ice on a snowy road
Editorial,,,a table topped with glasses filled with drinks
Editorial,,,a woman wearing a virtual headset in a kitchen
Editorial,,,A living room with a white couch and a white chair
Editorial,,,A bunch of red flowers that are in the grass
Editorial,,,A hand holding a bottle of soap with a palm tree in the background
Editorial,,,A chair with a magazine on top of it
Editorial,,,A woman in a white dress standing in a cave
"Editorial,Street Photography",,,A row of parked cars on a city street
Editorial,,,"A room with a table, chairs and a potted plant"
Editorial,,,a person sitting on a bench on a pier
Editorial,,,A field of sunflowers with the sun setting in the background
Editorial,,,A small rabbit sitting in the grass
Editorial,,,A pink flower sitting on top of a metal fence
Editorial,,,The top of the eiffel tower lit up at night
Editorial,,,A field with a lake and mountains in the background
Editorial,,,A man holding a cup of coffee in his hand
featured_in,image_urls,images,name_image
Editorial,,,A woman in a blue and white leotard is spinning around
"Editorial,Animals,Nature",,,A group of flamingos standing next to each other
Editorial,,,A woman wearing a white hat and a green shirt
Editorial,,,a group of people standing on top of a hill next to the ocean
Editorial,,,a table topped with glasses filled with drinks
Editorial,,,a man sitting on a chair looking at his cell phone
Editorial,,,A living room with a white couch and a white chair
Editorial,,,A large group of people standing in front of a stage
Editorial,,,A person holding a cup of ice on a snowy road
Editorial,,,a woman wearing a virtual headset in a kitchen
Editorial,,,a couple of women sitting next to each other
Editorial,,,A bunch of red flowers that are in the grass
Editorial,,,A hand holding a bottle of soap with a palm tree in the background
Editorial,,,A woman in a white dress standing in a cave
Editorial,,,A chair with a magazine on top of it
Editorial,,,a person sitting on a bench on a pier
Editorial,,,The top of the eiffel tower lit up at night
Editorial,,,"A room with a table, chairs and a potted plant"
Editorial,,,A field of sunflowers with the sun setting in the background
Editorial,,,A small rabbit sitting in the grass
"Editorial,Street Photography",,,A row of parked cars on a city street
Editorial,,,A pink flower sitting on top of a metal fence
Editorial,,,A man holding a cup of coffee in his hand
Editorial,,,A field with a lake and mountains in the background
featured_in,image_urls,images,name_image
Editorial,,,A woman in a blue and white leotard is spinning around
Editorial,,,a group of people standing on top of a hill next to the ocean
Editorial,,,A person holding a cup of ice on a snowy road
Editorial,,,a couple of women sitting next to each other
"Editorial,Animals,Nature",,,A group of flamingos standing next to each other
Editorial,,,A large group of people standing in front of a stage
Editorial,,,A bunch of red flowers that are in the grass
Editorial,,,A hand holding a bottle of soap with a palm tree in the background
Editorial,,,A woman wearing a white hat and a green shirt
Editorial,,,a woman wearing a virtual headset in a kitchen
Editorial,,,A living room with a white couch and a white chair
Editorial,,,A woman in a white dress standing in a cave
Editorial,,,a man sitting on a chair looking at his cell phone
Editorial,,,The top of the eiffel tower lit up at night
Editorial,,,a table topped with glasses filled with drinks
Editorial,,,A chair with a magazine on top of it
Editorial,,,a person sitting on a bench on a pier
"Editorial,Street Photography",,,A row of parked cars on a city street
Editorial,,,A field of sunflowers with the sun setting in the background
Editorial,,,A pink flower sitting on top of a metal fence
Editorial,,,A small rabbit sitting in the grass
Editorial,,,"A room with a table, chairs and a potted plant"
Editorial,,,A man holding a cup of coffee in his hand
Editorial,,,A field with a lake and mountains in the background
featured_in,image_urls,images,name_image
Editorial,,,A woman in a blue and white leotard is spinning around
Editorial,,,a group of people standing on top of a hill next to the ocean
Editorial,,,a man sitting on a chair looking at his cell phone
featured_in,image_urls,images,name_image
,,,
